{"_step":0,"_timestamp":1.7464456541600366e+09,"_runtime":8.245347232,"masked_epoch":0,"causal_epoch":0,"validation/accuracy":0,"validation/perplexity":9639.780355058996,"validation/loss":9.173653602600098,"_wandb":{"runtime":9}}