{"_timestamp":1.7464468595256329e+09,"causal_epoch":0,"_runtime":8.147883013,"masked_epoch":0,"_step":0,"_wandb":{"runtime":9},"validation/perplexity":9639.780355058996,"validation/loss":9.173653602600098,"validation/accuracy":0}