{"_runtime":8.153395961,"validation/accuracy":0,"validation/perplexity":9639.780355058996,"_timestamp":1.7464468921633096e+09,"_step":0,"validation/loss":9.173653602600098,"_wandb":{"runtime":8},"masked_epoch":0,"causal_epoch":0}